-- ============================================================
-- 03_seed.sql
-- Datos demo Trendify — catalogo, ventas, reportes y tienda online
-- Password de todos los usuarios: 123456
-- Generado con backend/scripts/generar_seed_demo.py
-- ============================================================

INSERT INTO roles (id_rol, nombre_rol, descripcion) VALUES
(1, 'Administrador', 'Acceso total: configuracion, catalogos y reportes.'),
(2, 'Vendedor', 'Ventas, clientes y consulta de inventario.'),
(3, 'Bodeguero', 'Existencias, entradas y salidas de inventario.'),
(4, 'Compras', 'Compras a proveedores importadores.'),
(5, 'Auditor', 'Bitacora y validacion de movimientos.'),
(6, 'Cliente', 'Cliente registrado en la tienda online.');

INSERT INTO categorias (id_categoria, nombre, descripcion, estado) VALUES
(1, 'Maquillaje', 'Bases, labiales y productos de rostro.', 'activo'),
(2, 'Cuidado Facial', 'Serums, limpiadores y tratamientos K-Beauty.', 'activo'),
(3, 'Cuidado Capilar', 'Shampoo, mascarillas y tratamientos.', 'activo'),
(4, 'Fragancias', 'Perfumes y body mists importados.', 'activo'),
(5, 'Accesorios', 'Brochas, esponjas y herramientas.', 'activo'),
(6, 'Protector Solar', 'FPS para rostro y cuerpo.', 'activo'),
(7, 'Mascarillas', 'Sheet masks y mascarillas de arcilla.', 'activo'),
(8, 'Cuerpo', 'Lociones, exfoliantes y cuidado corporal.', 'activo');

INSERT INTO marcas (id_marca, nombre, estado) VALUES
(1, 'Medicube', 'activo'),
(2, 'COSRX', 'activo'),
(3, 'Beauty of Joseon', 'activo'),
(4, 'Laneige', 'activo'),
(5, 'Maybelline', 'activo'),
(6, 'Rare Beauty', 'activo'),
(7, 'The Ordinary', 'activo'),
(8, 'K-Beauty Global', 'activo'),
(9, 'Amazon Imports', 'activo'),
(10, 'Trendify Selection', 'activo');

INSERT INTO usuarios (id_usuario, id_rol, nombre_completo, username, password_hash, estado, creado_en) VALUES
(1, 1, 'Tatiana Chavez', 'tchavez', 'pbkdf2_sha256$1200000$x2PLPG2q2Ml0qxDiiCCAc0$GGDZt8Jqk9mi8IKYFfvqFp3ZBTxcoxOkg063TjL3D1E=', 'activo', '2026-01-05 09:00:00'),
(2, 1, 'Sofia Martinez', 'smartinez', 'pbkdf2_sha256$1200000$x2PLPG2q2Ml0qxDiiCCAc0$GGDZt8Jqk9mi8IKYFfvqFp3ZBTxcoxOkg063TjL3D1E=', 'activo', '2026-01-06 09:00:00'),
(3, 2, 'Diego Alvarez', 'dalvarez', 'pbkdf2_sha256$1200000$x2PLPG2q2Ml0qxDiiCCAc0$GGDZt8Jqk9mi8IKYFfvqFp3ZBTxcoxOkg063TjL3D1E=', 'activo', '2026-01-07 09:00:00'),
(4, 3, 'Valeria Torres', 'vtorres', 'pbkdf2_sha256$1200000$x2PLPG2q2Ml0qxDiiCCAc0$GGDZt8Jqk9mi8IKYFfvqFp3ZBTxcoxOkg063TjL3D1E=', 'activo', '2026-01-08 09:00:00'),
(5, 4, 'Ricardo Paredes', 'rparedes', 'pbkdf2_sha256$1200000$x2PLPG2q2Ml0qxDiiCCAc0$GGDZt8Jqk9mi8IKYFfvqFp3ZBTxcoxOkg063TjL3D1E=', 'activo', '2026-01-09 09:00:00'),
(6, 6, 'Camila Rojas', 'crojas', 'pbkdf2_sha256$1200000$x2PLPG2q2Ml0qxDiiCCAc0$GGDZt8Jqk9mi8IKYFfvqFp3ZBTxcoxOkg063TjL3D1E=', 'activo', '2026-03-10 14:20:00'),
(7, 6, 'Mariana Cevallos', 'mcevallos', 'pbkdf2_sha256$1200000$x2PLPG2q2Ml0qxDiiCCAc0$GGDZt8Jqk9mi8IKYFfvqFp3ZBTxcoxOkg063TjL3D1E=', 'activo', '2026-03-15 11:00:00'),
(8, 6, 'Paola Herrera', 'pherrera', 'pbkdf2_sha256$1200000$x2PLPG2q2Ml0qxDiiCCAc0$GGDZt8Jqk9mi8IKYFfvqFp3ZBTxcoxOkg063TjL3D1E=', 'activo', '2026-04-02 16:45:00'),
(9, 6, 'Daniela Ochoa', 'dochoa', 'pbkdf2_sha256$1200000$x2PLPG2q2Ml0qxDiiCCAc0$GGDZt8Jqk9mi8IKYFfvqFp3ZBTxcoxOkg063TjL3D1E=', 'activo', '2026-04-18 10:30:00'),
(10, 6, 'Andrea Mena', 'amena', 'pbkdf2_sha256$1200000$x2PLPG2q2Ml0qxDiiCCAc0$GGDZt8Jqk9mi8IKYFfvqFp3ZBTxcoxOkg063TjL3D1E=', 'activo', '2026-05-01 19:10:00');

INSERT INTO clientes (id_cliente, nombre_completo, telefono, ciudad, direccion, es_top, estado, creado_en, id_usuario_fk) VALUES
(1, 'Lucia Fernandez', '+59170010001', 'Santa Cruz', 'Av. San Martin 4to anillo, edif. Trend', FALSE, 'activo', '2026-02-02 10:00:00', NULL),
(2, 'Gabriela Suarez', '+59170010002', 'Santa Cruz', 'Equipetrol calle 2 oeste #120', TRUE, 'activo', '2026-03-03 10:00:00', NULL),
(3, 'Valentina Prado', '+59170010003', 'Santa Cruz', 'Barrio Hamacas, calle Los Claveles 45', TRUE, 'activo', '2026-01-04 10:00:00', NULL),
(4, 'Carla Mendoza', '+59170010004', 'La Paz', 'Sopocachi, calle 6 de Agosto #22', FALSE, 'activo', '2026-02-05 10:00:00', NULL),
(5, 'Sofia Rios', '+59170010005', 'Cochabamba', 'Cala Cala, av. Melchor Perez 890', FALSE, 'activo', '2026-03-06 10:00:00', NULL),
(6, 'Natalia Vargas', '+59170010006', 'Santa Cruz', 'Plan 3000, av. Cumavi bloque 12', TRUE, 'activo', '2026-01-07 10:00:00', NULL),
(7, 'Isabella Cruz', '+59170010007', 'Santa Cruz', 'Urbari, calle Beni esq. Pirai', FALSE, 'activo', '2026-02-08 10:00:00', NULL),
(8, 'Renata Pinto', '+59170010008', 'Tarija', 'Centro, calle Sucre 310', FALSE, 'activo', '2026-03-09 10:00:00', NULL),
(9, 'Florencia Luna', '+59170010009', 'Santa Cruz', 'Av. Roca y Coronado #450', TRUE, 'activo', '2026-01-10 10:00:00', NULL),
(10, 'Antonella Paz', '+59170010010', 'Santa Cruz', 'Las Palmas, condominio Sol #8', FALSE, 'activo', '2026-02-11 10:00:00', NULL),
(11, 'Julieta Soto', '+59170010011', 'Montero', 'Av. Grigota, pasaje 3 #18', FALSE, 'activo', '2026-03-12 10:00:00', NULL),
(12, 'Emilia Torres', '+59170010012', 'Santa Cruz', 'Warnes, mercado modelo zona norte', TRUE, 'activo', '2026-01-13 10:00:00', NULL),
(13, 'Martina Leon', '+59170010013', 'Sucre', 'Centro historico, calle Bolivar 55', FALSE, 'activo', '2026-02-14 10:00:00', NULL),
(14, 'Agustina Roca', '+59170010014', 'Santa Cruz', 'Doble via la guardia km 8.5', FALSE, 'activo', '2026-03-15 10:00:00', NULL),
(15, 'Bianca Arce', '+59170010015', 'Santa Cruz', 'Av. Busch, galeria Bella Vista local 12', TRUE, 'activo', '2026-01-16 10:00:00', NULL),
(16, 'Camila Rojas', '+59170010016', 'Santa Cruz', 'Equipetrol, torre Trendify piso 3', TRUE, 'activo', '2026-02-17 10:00:00', 6),
(17, 'Mariana Cevallos', '+59170010017', 'Santa Cruz', 'Av. San Aurelio #200', FALSE, 'activo', '2026-03-18 10:00:00', 7),
(18, 'Paola Herrera', '+59170010018', 'Santa Cruz', 'Barrio Lindo, calle 4 #88', TRUE, 'activo', '2026-01-19 10:00:00', 8),
(19, 'Daniela Ochoa', '+59170010019', 'La Paz', 'Miraflores, calle 21 #1400', FALSE, 'activo', '2026-02-20 10:00:00', 9),
(20, 'Andrea Mena', '+59170010020', 'Cochabamba', 'Av. Heroínas, edif. Cosmos 502', FALSE, 'activo', '2026-03-21 10:00:00', 10);

INSERT INTO proveedores (id_proveedor, nombre_empresa, contacto, telefono, estado) VALUES
(1, 'Amazon USA Fulfillment', 'Karen Ponce', '+59133445001', 'activo'),
(2, 'Medicube Korea Direct', 'Min-Ji Park', '+821012345678', 'activo'),
(3, 'Beauty World Import BO', 'Luis Cardenas', '+59133445003', 'activo'),
(4, 'K-Beauty Global LATAM', 'Natalia Vela', '+59133445004', 'activo'),
(5, 'Trendify Logistics SCZ', 'Esteban Arce', '+59133445005', 'activo');

INSERT INTO productos (id_producto, id_categoria, id_marca, nombre, descripcion, precio_compra, precio_venta, atributos, estado, actualizado_en) VALUES
(1, 2, 1, 'Medicube Zero Pore Pad x70', 'Tonico exfoliante para poros.', 18.50, 89.00, '{"origen":"Corea","tipo_piel":"mixta"}'::jsonb, 'activo', '2026-02-01 10:00:00'),
(2, 2, 1, 'Medicube Deep Vita C Ampoule', 'Serum vitamina C coreano.', 22.00, 105.00, '{"origen":"Corea","contenido_ml":30}'::jsonb, 'activo', '2026-02-01 10:00:00'),
(3, 2, 2, 'COSRX Snail 96 Mucin Essence', 'Esencia reparadora de baba de caracol.', 14.00, 68.00, '{"origen":"Corea","contenido_ml":100}'::jsonb, 'activo', '2026-02-01 10:00:00'),
(4, 2, 3, 'Beauty of Joseon Relief Sun SPF50', 'Protector solar ligero.', 12.00, 58.00, '{"fps":50,"origen":"Corea"}'::jsonb, 'activo', '2026-02-01 10:00:00'),
(5, 2, 7, 'The Ordinary Niacinamide 10%', 'Serum control de poros.', 6.50, 32.00, '{"origen":"USA","contenido_ml":30}'::jsonb, 'activo', '2026-02-01 10:00:00'),
(6, 1, 5, 'Maybelline Fit Me Foundation', 'Base liquida acabado natural.', 8.00, 38.00, '{"tono":"beige medio"}'::jsonb, 'activo', '2026-02-01 10:00:00'),
(7, 1, 6, 'Rare Beauty Soft Pinch Blush', 'Rubor liquido best seller.', 16.00, 78.00, '{"tono":"happy"}'::jsonb, 'activo', '2026-02-01 10:00:00'),
(8, 1, 5, 'Maybelline Lash Sensational', 'Mascara de pestanas volumen.', 7.00, 34.00, '{"color":"negro"}'::jsonb, 'activo', '2026-02-01 10:00:00'),
(9, 3, 4, 'Laneige Cica Sleeping Mask', 'Mascarilla nocturna reparadora.', 19.00, 92.00, '{"origen":"Corea","contenido_ml":60}'::jsonb, 'activo', '2026-02-01 10:00:00'),
(10, 3, 8, 'K-Beauty Keratin Shampoo 400ml', 'Shampoo sin sulfatos.', 9.00, 42.00, '{"sin_sulfatos":true}'::jsonb, 'activo', '2026-02-01 10:00:00'),
(11, 4, 9, 'Sol de Janeiro Cheirosa 62', 'Body mist viral importado.', 24.00, 115.00, '{"origen":"USA","contenido_ml":90}'::jsonb, 'activo', '2026-02-01 10:00:00'),
(12, 4, 4, 'Laneige Lip Sleeping Mask', 'Balsamo labial nocturno.', 13.00, 62.00, '{"sabor":"berry"}'::jsonb, 'activo', '2026-02-01 10:00:00'),
(13, 5, 10, 'Set Brochas Trendify x12', 'Brochas sinteticas profesionales.', 11.00, 52.00, '{"piezas":12}'::jsonb, 'activo', '2026-02-01 10:00:00'),
(14, 6, 3, 'Beauty of Joseon Matte Sun Stick', 'Barra solar mate.', 10.00, 48.00, '{"fps":50}'::jsonb, 'activo', '2026-02-01 10:00:00'),
(15, 7, 2, 'COSRX Master Patch Original', 'Parches anti-acne x24.', 4.50, 22.00, '{"unidades":24}'::jsonb, 'activo', '2026-02-01 10:00:00'),
(16, 7, 8, 'Sheet Mask Hidratante x5', 'Pack mascarillas de aloe.', 5.00, 24.00, '{"unidades":5}'::jsonb, 'activo', '2026-02-01 10:00:00'),
(17, 8, 7, 'The Ordinary AHA 30% Peeling', 'Exfoliante quimico semanal.', 7.50, 36.00, '{"uso":"semanal"}'::jsonb, 'activo', '2026-02-01 10:00:00'),
(18, 2, 1, 'Medicube Red Erasing Cream', 'Crema anti-manchas.', 20.00, 95.00, '{"origen":"Corea"}'::jsonb, 'activo', '2026-02-01 10:00:00'),
(19, 1, 6, 'Rare Beauty Kind Words Lip Liner', 'Delineador de labios.', 12.00, 58.00, '{"tono":"wise"}'::jsonb, 'activo', '2026-02-01 10:00:00'),
(20, 8, 9, 'Sol de Janeiro Bum Bum Cream', 'Crema corporal hidratante.', 21.00, 99.00, '{"origen":"USA","contenido_ml":240}'::jsonb, 'activo', '2026-02-01 10:00:00'),
(21, 2, 2, 'COSRX Low pH Good Morning Gel', 'Limpiador facial suave.', 9.50, 45.00, '{"contenido_ml":150}'::jsonb, 'activo', '2026-02-01 10:00:00'),
(22, 5, 10, 'Esponja Beauty Blender Trendify', 'Esponja aplicadora.', 3.50, 18.00, '{"material":"latex_free"}'::jsonb, 'activo', '2026-02-01 10:00:00'),
(23, 3, 3, 'Beauty of Joseon Ginseng Serum', 'Serum anti-edad ginseng.', 15.00, 72.00, '{"origen":"Corea"}'::jsonb, 'activo', '2026-02-01 10:00:00'),
(24, 4, 9, 'Victoria Secret Bare Vanilla Mist', 'Body mist importado USA.', 18.00, 85.00, '{"origen":"USA"}'::jsonb, 'activo', '2026-02-01 10:00:00');

INSERT INTO inventario (id_inventario, id_producto, stock_actual, stock_minimo, ultima_actualizacion) VALUES
(1, 1, 42, 15, '2026-06-20 09:00:00'),
(2, 2, 28, 10, '2026-06-20 09:00:00'),
(3, 3, 55, 12, '2026-06-20 09:00:00'),
(4, 4, 38, 10, '2026-06-20 09:00:00'),
(5, 5, 65, 15, '2026-06-20 09:00:00'),
(6, 6, 30, 8, '2026-06-20 09:00:00'),
(7, 7, 4, 10, '2026-06-20 09:00:00'),
(8, 8, 22, 8, '2026-06-20 09:00:00'),
(9, 9, 18, 6, '2026-06-20 09:00:00'),
(10, 10, 40, 12, '2026-06-20 09:00:00'),
(11, 11, 12, 8, '2026-06-20 09:00:00'),
(12, 12, 3, 8, '2026-06-20 09:00:00'),
(13, 13, 25, 6, '2026-06-20 09:00:00'),
(14, 14, 20, 8, '2026-06-20 09:00:00'),
(15, 15, 80, 20, '2026-06-20 09:00:00'),
(16, 16, 45, 15, '2026-06-20 09:00:00'),
(17, 17, 15, 8, '2026-06-20 09:00:00'),
(18, 18, 2, 15, '2026-06-20 09:00:00'),
(19, 19, 14, 6, '2026-06-20 09:00:00'),
(20, 20, 26, 10, '2026-06-20 09:00:00'),
(21, 21, 33, 10, '2026-06-20 09:00:00'),
(22, 22, 50, 12, '2026-06-20 09:00:00'),
(23, 23, 19, 8, '2026-06-20 09:00:00'),
(24, 24, 11, 5, '2026-06-20 09:00:00');

INSERT INTO movimientos_inventario (id_movimiento, id_producto, id_usuario, tipo_movimiento, cantidad, fecha_movimiento, motivo) VALUES
(1, 1, 4, 'entrada', 50, '2026-05-02 08:00:00', 'Compra importacion Medicube lote MC-2505'),
(2, 3, 4, 'entrada', 40, '2026-05-03 08:30:00', 'Reposicion COSRX Amazon'),
(3, 7, 4, 'salida', 12, '2026-05-25 11:00:00', 'Salida por ventas mayo'),
(4, 12, 4, 'salida', 15, '2026-06-01 10:00:00', 'Salida ventas online Laneige'),
(5, 18, 4, 'salida', 8, '2026-06-10 14:00:00', 'Salida ventas Medicube cream'),
(6, 1, 4, 'salida', 18, '2026-06-15 09:00:00', 'Salida ventas Zero Pore Pad'),
(7, 15, 4, 'salida', 25, '2026-06-18 16:00:00', 'Salida parches acne'),
(8, 6, 4, 'salida', 10, '2026-06-20 12:00:00', 'Salida base Maybelline'),
(9, 11, 4, 'entrada', 20, '2026-06-05 08:00:00', 'Ingreso Sol de Janeiro'),
(10, 5, 3, 'salida', 3, '2026-06-08 09:30:00', 'Ajuste merma The Ordinary'),
(11, 2, 4, 'entrada', 30, '2026-06-12 08:00:00', 'Compra Medicube Vita C'),
(12, 12, 4, 'salida', 6, '2026-06-21 17:00:00', 'Salida lip mask fin de semana');

INSERT INTO compras (id_compra, id_proveedor, id_usuario, fecha_compra, monto_total, estado_compra) VALUES
(1, 2, 5, '2026-04-10 10:00:00', 1850.00, 'recibida'),
(2, 1, 5, '2026-04-22 11:30:00', 1260.00, 'recibida'),
(3, 4, 5, '2026-05-05 15:20:00', 980.00, 'recibida'),
(4, 3, 5, '2026-05-18 16:45:00', 720.00, 'recibida'),
(5, 5, 5, '2026-06-08 09:10:00', 540.00, 'recibida'),
(6, 2, 5, '2026-06-15 10:30:00', 1100.00, 'recibida');

INSERT INTO detalles_compra (id_detalle_compra, id_compra, id_producto, lote, fecha_vencimiento, cantidad, precio_unitario, subtotal) VALUES
(1, 1, 1, 'MC-ZP-2504', '2028-06-30', 50, 18.50, 925.00),
(2, 1, 2, 'MC-VC-2504', '2028-03-31', 40, 22.00, 880.00),
(3, 2, 3, 'CRX-SN-2504', '2027-12-31', 60, 14.00, 840.00),
(4, 2, 5, 'ORD-NIA-2504', '2027-08-31', 40, 6.50, 260.00),
(5, 2, 6, 'MB-FM-2504', '2028-01-31', 35, 8.00, 280.00),
(6, 3, 12, 'LG-LIP-2505', '2028-05-31', 30, 13.00, 390.00),
(7, 3, 15, 'CRX-PATCH-2505', '2027-10-31', 100, 4.50, 450.00),
(8, 4, 11, 'SDJ-62-2505', '2029-01-31', 20, 24.00, 480.00),
(9, 4, 10, 'KBG-SH-2505', '2028-08-31', 40, 9.00, 360.00),
(10, 5, 13, 'TRD-BR-2506', '2030-12-31', 25, 11.00, 275.00),
(11, 5, 22, 'TRD-SP-2506', '2031-06-30', 50, 3.50, 175.00),
(12, 6, 18, 'MC-RE-2506', '2028-09-30', 25, 20.00, 500.00),
(13, 6, 1, 'MC-ZP-2506', '2028-12-31', 30, 18.50, 555.00),
(14, 6, 2, 'MC-VC-2506', '2028-12-31', 25, 22.00, 550.00);

INSERT INTO ventas (id_venta, id_cliente, id_usuario, fecha_hora, monto_total, metodo_pago, estado_venta, monto_recibido, vuelto, numero_comprobante) VALUES
(1, 2, 3, '2026-03-05 10:00:00', 157.00, 'tarjeta', 'completada', NULL, NULL, NULL),
(2, 6, 3, '2026-03-08 11:00:00', 122.00, 'efectivo', 'completada', NULL, NULL, NULL),
(3, 9, 3, '2026-03-11 12:00:00', 72.00, 'efectivo', 'completada', NULL, NULL, NULL),
(4, 2, 2, '2026-03-14 13:00:00', 115.00, 'tarjeta', 'completada', NULL, NULL, NULL),
(5, 15, 3, '2026-03-17 14:00:00', 134.00, 'efectivo', 'completada', NULL, NULL, NULL),
(6, 3, 3, '2026-03-20 15:00:00', 146.00, 'efectivo', 'completada', NULL, NULL, NULL),
(7, 6, 3, '2026-03-23 16:00:00', 136.00, 'tarjeta', 'completada', NULL, NULL, NULL),
(8, 12, 3, '2026-03-26 17:00:00', 95.00, 'efectivo', 'completada', NULL, NULL, NULL),
(9, 9, 3, '2026-03-29 10:00:00', 123.00, 'efectivo', 'completada', NULL, NULL, NULL),
(10, 2, 3, '2026-04-01 11:00:00', 113.00, 'tarjeta', 'completada', NULL, NULL, NULL),
(11, 16, 3, '2026-04-04 12:00:00', 178.00, 'efectivo', 'completada', NULL, NULL, NULL),
(12, 18, 3, '2026-04-07 13:00:00', 163.00, 'efectivo', 'completada', NULL, NULL, NULL),
(13, 7, 3, '2026-04-10 14:00:00', 88.00, 'tarjeta', 'completada', NULL, NULL, NULL),
(14, 3, 3, '2026-04-13 15:00:00', 72.00, 'efectivo', 'completada', NULL, NULL, NULL),
(15, 10, 3, '2026-04-16 16:00:00', 200.00, 'efectivo', 'completada', NULL, NULL, NULL),
(16, 4, 3, '2026-04-19 17:00:00', 96.00, 'tarjeta', 'completada', NULL, NULL, NULL),
(17, 14, 3, '2026-04-22 10:00:00', 76.00, 'efectivo', 'completada', NULL, NULL, NULL),
(18, 6, 3, '2026-04-25 11:00:00', 68.00, 'efectivo', 'completada', NULL, NULL, NULL),
(19, 8, 3, '2026-04-28 12:00:00', 68.00, 'tarjeta', 'completada', NULL, NULL, NULL),
(20, 2, 3, '2026-05-01 13:00:00', 78.00, 'efectivo', 'completada', NULL, NULL, NULL),
(21, 16, 3, '2026-05-04 14:00:00', 96.00, 'efectivo', 'completada', NULL, NULL, NULL),
(22, 3, 3, '2026-05-07 15:00:00', 111.00, 'tarjeta', 'completada', NULL, NULL, NULL),
(23, 9, 3, '2026-05-10 16:00:00', 200.00, 'efectivo', 'completada', NULL, NULL, NULL),
(24, 11, 3, '2026-05-13 17:00:00', 84.00, 'efectivo', 'completada', NULL, NULL, NULL),
(25, 5, 3, '2026-05-16 10:00:00', 99.00, 'tarjeta', 'completada', NULL, NULL, NULL),
(26, 17, 3, '2026-05-19 11:00:00', 164.00, 'efectivo', 'completada', NULL, NULL, NULL),
(27, 12, 3, '2026-05-22 12:00:00', 136.00, 'efectivo', 'completada', NULL, NULL, NULL),
(28, 1, 3, '2026-05-25 13:00:00', 96.00, 'tarjeta', 'completada', NULL, NULL, NULL),
(29, 15, 3, '2026-05-28 14:00:00', 200.00, 'efectivo', 'completada', NULL, NULL, NULL),
(30, 18, 3, '2026-05-31 15:00:00', 105.00, 'efectivo', 'completada', NULL, NULL, NULL),
(31, 2, 3, '2026-06-02 11:00:00', 147.00, 'efectivo', 'completada', NULL, NULL, NULL),
(32, 6, 3, '2026-06-03 12:00:00', 78.00, 'tarjeta', 'completada', NULL, NULL, NULL),
(33, 16, 3, '2026-06-04 13:00:00', 106.00, 'transferencia', 'pendiente_verificacion', NULL, NULL, NULL),
(34, 18, 3, '2026-06-05 14:00:00', 113.00, 'qr', 'pendiente_verificacion', NULL, NULL, NULL),
(35, 9, 3, '2026-06-06 15:00:00', 115.00, 'efectivo', 'completada', NULL, NULL, NULL),
(36, 3, 3, '2026-06-07 16:00:00', 95.00, 'tarjeta', 'completada', NULL, NULL, NULL),
(37, 7, 3, '2026-06-08 11:00:00', 110.00, 'transferencia', 'pendiente_verificacion', NULL, NULL, NULL),
(38, 2, 3, '2026-06-09 12:00:00', 137.00, 'qr', 'pendiente_verificacion', NULL, NULL, NULL),
(39, 10, 3, '2026-06-10 13:00:00', 99.00, 'efectivo', 'completada', NULL, NULL, NULL),
(40, 14, 3, '2026-06-11 14:00:00', 70.00, 'tarjeta', 'completada', NULL, NULL, NULL),
(41, 16, 3, '2026-06-12 15:00:00', 92.00, 'transferencia', 'pendiente_verificacion', NULL, NULL, NULL),
(42, 3, 3, '2026-06-13 16:00:00', 200.00, 'qr', 'pendiente_verificacion', NULL, NULL, NULL),
(43, 17, 3, '2026-06-14 11:00:00', 143.00, 'efectivo', 'completada', NULL, NULL, NULL),
(44, 6, 3, '2026-06-15 12:00:00', 66.00, 'tarjeta', 'completada', NULL, NULL, NULL),
(45, 18, 3, '2026-06-16 13:00:00', 72.00, 'transferencia', 'pendiente_verificacion', NULL, NULL, NULL),
(46, 2, 3, '2026-06-22 09:00:00', 157.00, 'efectivo', 'completada', 167.00, 10.00, NULL),
(47, 6, 3, '2026-06-22 10:15:00', 136.00, 'tarjeta', 'completada', NULL, NULL, NULL),
(48, 16, 3, '2026-06-22 11:30:00', 116.00, 'efectivo', 'completada', 126.00, 10.00, NULL),
(49, 3, 3, '2026-06-22 12:45:00', 84.00, 'tarjeta', 'completada', NULL, NULL, NULL),
(50, 9, 3, '2026-06-22 13:00:00', 115.00, 'efectivo', 'completada', 125.00, 10.00, NULL),
(51, 18, 3, '2026-06-22 14:15:00', 137.00, 'transferencia', 'pendiente_verificacion', NULL, NULL, 'TXN-0622-006'),
(52, 7, 3, '2026-06-22 15:30:00', 72.00, 'qr', 'pendiente_verificacion', NULL, NULL, 'TXN-0622-007'),
(53, 10, 3, '2026-06-22 16:45:00', 99.00, 'efectivo', 'completada', 109.00, 10.00, NULL),
(54, 16, 2, '2026-06-22 18:30:00', 113.00, 'qr', 'pendiente_validacion', NULL, NULL, 'WEB-0622-001'),
(55, 17, 2, '2026-06-22 19:30:00', 92.00, 'transferencia', 'pendiente_validacion', NULL, NULL, 'WEB-0622-002'),
(56, 19, 2, '2026-06-22 20:30:00', 88.00, 'efectivo', 'pendiente_validacion', NULL, NULL, 'WEB-0622-003'),
(57, 20, 2, '2026-06-22 21:30:00', 200.00, 'qr', 'pendiente_validacion', NULL, NULL, 'WEB-0622-004');

INSERT INTO detalles_venta (id_detalle_venta, id_venta, id_producto, cantidad, precio_unitario, subtotal) VALUES
(1, 1, 1, 1, 89.00, 89.00),
(2, 1, 3, 1, 68.00, 68.00),
(3, 2, 4, 1, 58.00, 58.00),
(4, 2, 5, 2, 32.00, 64.00),
(5, 3, 6, 1, 38.00, 38.00),
(6, 3, 8, 1, 34.00, 34.00),
(7, 4, 11, 1, 115.00, 115.00),
(8, 5, 9, 1, 92.00, 92.00),
(9, 5, 10, 1, 42.00, 42.00),
(10, 6, 12, 2, 62.00, 124.00),
(11, 6, 15, 1, 22.00, 22.00),
(12, 7, 7, 1, 78.00, 78.00),
(13, 7, 19, 1, 58.00, 58.00),
(14, 8, 18, 1, 95.00, 95.00),
(15, 9, 20, 1, 99.00, 99.00),
(16, 9, 16, 1, 24.00, 24.00),
(17, 10, 21, 1, 45.00, 45.00),
(18, 10, 3, 1, 68.00, 68.00),
(19, 11, 1, 2, 89.00, 178.00),
(20, 12, 2, 1, 105.00, 105.00),
(21, 12, 4, 1, 58.00, 58.00),
(22, 13, 13, 1, 52.00, 52.00),
(23, 13, 22, 2, 18.00, 36.00),
(24, 14, 23, 1, 72.00, 72.00),
(25, 15, 24, 1, 85.00, 85.00),
(26, 15, 11, 1, 115.00, 115.00),
(27, 16, 5, 3, 32.00, 96.00),
(28, 17, 6, 2, 38.00, 76.00),
(29, 18, 15, 2, 22.00, 44.00),
(30, 18, 16, 1, 24.00, 24.00),
(31, 19, 17, 1, 36.00, 36.00),
(32, 19, 5, 1, 32.00, 32.00),
(33, 20, 7, 1, 78.00, 78.00),
(34, 21, 12, 1, 62.00, 62.00),
(35, 21, 8, 1, 34.00, 34.00),
(36, 22, 1, 1, 89.00, 89.00),
(37, 22, 15, 1, 22.00, 22.00),
(38, 23, 18, 1, 95.00, 95.00),
(39, 23, 2, 1, 105.00, 105.00),
(40, 24, 10, 2, 42.00, 84.00),
(41, 25, 20, 1, 99.00, 99.00),
(42, 26, 4, 2, 58.00, 116.00),
(43, 26, 14, 1, 48.00, 48.00),
(44, 27, 3, 2, 68.00, 136.00),
(45, 28, 6, 1, 38.00, 38.00),
(46, 28, 19, 1, 58.00, 58.00),
(47, 29, 11, 1, 115.00, 115.00),
(48, 29, 24, 1, 85.00, 85.00),
(49, 30, 2, 1, 105.00, 105.00),
(50, 31, 1, 1, 89.00, 89.00),
(51, 31, 4, 1, 58.00, 58.00),
(52, 32, 7, 1, 78.00, 78.00),
(53, 33, 12, 1, 62.00, 62.00),
(54, 33, 15, 2, 22.00, 44.00),
(55, 34, 3, 1, 68.00, 68.00),
(56, 34, 21, 1, 45.00, 45.00),
(57, 35, 11, 1, 115.00, 115.00),
(58, 36, 18, 1, 95.00, 95.00),
(59, 37, 6, 2, 38.00, 76.00),
(60, 37, 8, 1, 34.00, 34.00),
(61, 38, 2, 1, 105.00, 105.00),
(62, 38, 5, 1, 32.00, 32.00),
(63, 39, 20, 1, 99.00, 99.00),
(64, 40, 13, 1, 52.00, 52.00),
(65, 40, 22, 1, 18.00, 18.00),
(66, 41, 9, 1, 92.00, 92.00),
(67, 42, 1, 2, 89.00, 178.00),
(68, 42, 15, 1, 22.00, 22.00),
(69, 43, 24, 1, 85.00, 85.00),
(70, 43, 4, 1, 58.00, 58.00),
(71, 44, 10, 1, 42.00, 42.00),
(72, 44, 16, 1, 24.00, 24.00),
(73, 45, 23, 1, 72.00, 72.00),
(74, 46, 1, 1, 89.00, 89.00),
(75, 46, 3, 1, 68.00, 68.00),
(76, 47, 7, 1, 78.00, 78.00),
(77, 47, 19, 1, 58.00, 58.00),
(78, 48, 4, 2, 58.00, 116.00),
(79, 49, 12, 1, 62.00, 62.00),
(80, 49, 15, 1, 22.00, 22.00),
(81, 50, 11, 1, 115.00, 115.00),
(82, 51, 2, 1, 105.00, 105.00),
(83, 51, 5, 1, 32.00, 32.00),
(84, 52, 6, 1, 38.00, 38.00),
(85, 52, 8, 1, 34.00, 34.00),
(86, 53, 20, 1, 99.00, 99.00),
(87, 54, 3, 1, 68.00, 68.00),
(88, 54, 21, 1, 45.00, 45.00),
(89, 55, 9, 1, 92.00, 92.00),
(90, 56, 13, 1, 52.00, 52.00),
(91, 56, 22, 2, 18.00, 36.00),
(92, 57, 18, 1, 95.00, 95.00),
(93, 57, 2, 1, 105.00, 105.00);

INSERT INTO envios (id_envio, id_venta, tipo_envio, empresa_transporte, estado_envio) VALUES
(1, 1, 'domicilio', 'RapidGo Santa Cruz', 'en_ruta'),
(2, 2, 'domicilio', 'FlashCourier', 'despachado'),
(3, 3, 'domicilio', 'Trendify Delivery SCZ', 'procesando'),
(4, 4, 'domicilio', 'RapidGo Santa Cruz', 'entregado'),
(5, 5, 'domicilio', 'FlashCourier', 'en_ruta'),
(6, 6, 'domicilio', 'Trendify Delivery SCZ', 'despachado'),
(7, 7, 'domicilio', 'RapidGo Santa Cruz', 'procesando'),
(8, 8, 'domicilio', 'FlashCourier', 'entregado'),
(9, 9, 'domicilio', 'Trendify Delivery SCZ', 'en_ruta'),
(10, 10, 'domicilio', 'RapidGo Santa Cruz', 'despachado'),
(11, 11, 'domicilio', 'FlashCourier', 'procesando'),
(12, 12, 'domicilio', 'Trendify Delivery SCZ', 'entregado'),
(13, 13, 'domicilio', 'RapidGo Santa Cruz', 'en_ruta'),
(14, 14, 'domicilio', 'FlashCourier', 'despachado'),
(15, 15, 'domicilio', 'Trendify Delivery SCZ', 'procesando'),
(16, 16, 'domicilio', 'Transporte Interior BO', 'despachado'),
(17, 17, 'domicilio', 'FlashCourier', 'en_ruta'),
(18, 18, 'domicilio', 'Trendify Delivery SCZ', 'despachado'),
(19, 19, 'domicilio', 'Transporte Interior BO', 'despachado'),
(20, 20, 'domicilio', 'FlashCourier', 'entregado'),
(21, 21, 'domicilio', 'Trendify Delivery SCZ', 'en_ruta'),
(22, 22, 'domicilio', 'RapidGo Santa Cruz', 'despachado'),
(23, 23, 'domicilio', 'FlashCourier', 'procesando'),
(24, 24, 'domicilio', 'Transporte Interior BO', 'despachado'),
(25, 25, 'domicilio', 'Transporte Interior BO', 'despachado'),
(26, 26, 'domicilio', 'FlashCourier', 'despachado'),
(27, 27, 'domicilio', 'Trendify Delivery SCZ', 'procesando'),
(28, 28, 'domicilio', 'RapidGo Santa Cruz', 'entregado'),
(29, 29, 'domicilio', 'FlashCourier', 'en_ruta'),
(30, 30, 'domicilio', 'Trendify Delivery SCZ', 'despachado'),
(31, 31, 'domicilio', 'RapidGo Santa Cruz', 'procesando'),
(32, 32, 'domicilio', 'FlashCourier', 'entregado'),
(33, 33, 'domicilio', 'Trendify Delivery SCZ', 'en_ruta'),
(34, 34, 'domicilio', 'RapidGo Santa Cruz', 'despachado'),
(35, 35, 'domicilio', 'FlashCourier', 'procesando'),
(36, 36, 'domicilio', 'Trendify Delivery SCZ', 'entregado'),
(37, 37, 'domicilio', 'RapidGo Santa Cruz', 'en_ruta'),
(38, 38, 'domicilio', 'FlashCourier', 'despachado'),
(39, 39, 'domicilio', 'Trendify Delivery SCZ', 'procesando'),
(40, 40, 'domicilio', 'RapidGo Santa Cruz', 'entregado'),
(41, 41, 'domicilio', 'FlashCourier', 'en_ruta'),
(42, 42, 'domicilio', 'Trendify Delivery SCZ', 'despachado'),
(43, 43, 'domicilio', 'RapidGo Santa Cruz', 'procesando'),
(44, 44, 'domicilio', 'FlashCourier', 'entregado'),
(45, 45, 'domicilio', 'Trendify Delivery SCZ', 'en_ruta'),
(46, 46, 'domicilio', 'RapidGo Santa Cruz', 'despachado'),
(47, 47, 'domicilio', 'FlashCourier', 'procesando'),
(48, 48, 'domicilio', 'Trendify Delivery SCZ', 'entregado'),
(49, 49, 'domicilio', 'RapidGo Santa Cruz', 'en_ruta'),
(50, 50, 'domicilio', 'FlashCourier', 'despachado'),
(51, 51, 'domicilio', 'Trendify Delivery SCZ', 'procesando'),
(52, 52, 'domicilio', 'RapidGo Santa Cruz', 'entregado'),
(53, 53, 'domicilio', 'FlashCourier', 'en_ruta'),
(54, 54, 'domicilio', 'Trendify Delivery SCZ', 'procesando'),
(55, 55, 'domicilio', 'Trendify Delivery SCZ', 'procesando'),
(56, 56, 'domicilio', 'Transporte Interior BO', 'procesando'),
(57, 57, 'domicilio', 'Transporte Interior BO', 'procesando');

INSERT INTO bitacora (id_bitacora, id_usuario, accion, tabla_afectada, registro_afectado_id, detalle, fecha_hora, direccion_ip) VALUES
(1, 1, 'INSERT', 'usuarios', 2, 'Alta de administradora Sofia Martinez', '2026-01-06 09:05:00', '192.168.1.10'),
(2, 5, 'INSERT', 'compras', 6, 'Compra Medicube junio lote MC-2506', '2026-06-15 10:35:00', '192.168.1.24'),
(3, 4, 'UPDATE', 'inventario', 7, 'Stock critico Rare Beauty blush', '2026-06-20 11:00:00', '192.168.1.18'),
(4, 3, 'INSERT', 'ventas', 57, 'Venta completada mostrador Santa Cruz', '2026-06-22 11:30:00', '192.168.1.15'),
(5, 2, 'CONSULTAR_DASHBOARD', 'reportes', NULL, 'KPIs periodo=mes', '2026-06-22 08:00:00', '192.168.1.12'),
(6, 1, 'INSERT', 'movimientos_inventario', 12, 'Salida lip mask fin de semana', '2026-06-21 17:05:00', '192.168.1.10'),
(7, 3, 'INSERT', 'ventas', 61, 'Pedido online pendiente validacion', '2026-06-22 18:30:00', '192.168.1.15'),
(8, 1, 'ATENDER_ALERTA_PREDICTIVA', 'productos', 12, 'Reposicion Laneige Lip Mask solicitada', '2026-06-21 09:00:00', '192.168.1.10');

-- Ajuste de secuencias
SELECT setval(pg_get_serial_sequence('roles', 'id_rol'), (SELECT MAX(id_rol) FROM roles));
SELECT setval(pg_get_serial_sequence('categorias', 'id_categoria'), (SELECT MAX(id_categoria) FROM categorias));
SELECT setval(pg_get_serial_sequence('marcas', 'id_marca'), (SELECT MAX(id_marca) FROM marcas));
SELECT setval(pg_get_serial_sequence('usuarios', 'id_usuario'), (SELECT MAX(id_usuario) FROM usuarios));
SELECT setval(pg_get_serial_sequence('clientes', 'id_cliente'), (SELECT MAX(id_cliente) FROM clientes));
SELECT setval(pg_get_serial_sequence('proveedores', 'id_proveedor'), (SELECT MAX(id_proveedor) FROM proveedores));
SELECT setval(pg_get_serial_sequence('productos', 'id_producto'), (SELECT MAX(id_producto) FROM productos));
SELECT setval(pg_get_serial_sequence('inventario', 'id_inventario'), (SELECT MAX(id_inventario) FROM inventario));
SELECT setval(pg_get_serial_sequence('movimientos_inventario', 'id_movimiento'), (SELECT MAX(id_movimiento) FROM movimientos_inventario));
SELECT setval(pg_get_serial_sequence('compras', 'id_compra'), (SELECT MAX(id_compra) FROM compras));
SELECT setval(pg_get_serial_sequence('detalles_compra', 'id_detalle_compra'), (SELECT MAX(id_detalle_compra) FROM detalles_compra));
SELECT setval(pg_get_serial_sequence('ventas', 'id_venta'), (SELECT MAX(id_venta) FROM ventas));
SELECT setval(pg_get_serial_sequence('detalles_venta', 'id_detalle_venta'), (SELECT MAX(id_detalle_venta) FROM detalles_venta));
SELECT setval(pg_get_serial_sequence('envios', 'id_envio'), (SELECT MAX(id_envio) FROM envios));
SELECT setval(pg_get_serial_sequence('bitacora', 'id_bitacora'), (SELECT MAX(id_bitacora) FROM bitacora));
